Reference, Quantity, Value, Footprint, Datasheet, Category, DK_Datasheet_Link, DK_Detail_Page, Description, Digi-Key_PN, Family, MPN, Manufacturer, Status
C1 C6 ,2,"10u","Capacitor_SMD:CP_Elec_4x5.4","~"
C2 C5 ,2,"10n","Capacitor_SMD:C_0603_1608Metric_Pad1.05x0.95mm_HandSolder","~"
C10 C11 C3 C4 ,4,"100n","Capacitor_SMD:C_0603_1608Metric_Pad1.05x0.95mm_HandSolder","~"
C7 ,1,"10u","Capacitor_SMD:C_0603_1608Metric_Pad1.05x0.95mm_HandSolder","~"
C8 ,1,"35u","Capacitor_SMD:C_0603_1608Metric_Pad1.05x0.95mm_HandSolder","~"
C9 ,1,"1u","Capacitor_SMD:C_0603_1608Metric_Pad1.05x0.95mm_HandSolder","~"
D1 ,1,"ESD","Diode_SMD:D_SOD-323_HandSoldering","https://www.littelfuse.com/data/en/data_sheets/littelfuse_pulseguard-esd_pgb1.pdf","Circuit Protection","https://www.littelfuse.com/data/en/data_sheets/littelfuse_pulseguard-esd_pgb1.pdf","/product-detail/en/littelfuse-inc/PGB1010603MR/F2594CT-ND/813072","TVS DIODE 24V 150V 0603","F2594CT-ND","TVS - Diodes","PGB1010603MR","Littelfuse Inc.","Active"
D2 D3 ,2,"ESD Diode","Diode_SMD:D_SOD-323_HandSoldering","https://www.littelfuse.com/data/en/data_sheets/littelfuse_pulseguard-esd_pgb1.pdf","Circuit Protection","https://www.littelfuse.com/data/en/data_sheets/littelfuse_pulseguard-esd_pgb1.pdf","/product-detail/en/littelfuse-inc/PGB1010603MR/F2594CT-ND/813072","TVS DIODE 24V 150V 0603","F2594CT-ND","TVS - Diodes","PGB1010603MR","Littelfuse Inc.","Active"
D4 ,1,"LED_ERR1","digikey-footprints:0603","https://dammedia.osram.info/media/resource/hires/osram-dam-2493945/LG%20L29K.pdf","Optoelectronics","https://dammedia.osram.info/media/resource/hires/osram-dam-2493945/LG%20L29K.pdf","/product-detail/en/osram-opto-semiconductors-inc/LG-L29K-G2J1-24-Z/475-2709-1-ND/1938876","LED GREEN DIFFUSED 0603 SMD","475-2709-1-ND","LED Indication - Discrete","LG L29K-G2J1-24-Z","OSRAM Opto Semiconductors Inc.","Active"
D5 ,1,"LED_ERR2","digikey-footprints:0603","https://dammedia.osram.info/media/resource/hires/osram-dam-2493945/LG%20L29K.pdf","Optoelectronics","https://dammedia.osram.info/media/resource/hires/osram-dam-2493945/LG%20L29K.pdf","/product-detail/en/osram-opto-semiconductors-inc/LG-L29K-G2J1-24-Z/475-2709-1-ND/1938876","LED GREEN DIFFUSED 0603 SMD","475-2709-1-ND","LED Indication - Discrete","LG L29K-G2J1-24-Z","OSRAM Opto Semiconductors Inc.","Active"
D6 ,1,"LED_RELAY","digikey-footprints:0603","https://dammedia.osram.info/media/resource/hires/osram-dam-2493945/LG%20L29K.pdf","Optoelectronics","https://dammedia.osram.info/media/resource/hires/osram-dam-2493945/LG%20L29K.pdf","/product-detail/en/osram-opto-semiconductors-inc/LG-L29K-G2J1-24-Z/475-2709-1-ND/1938876","LED GREEN DIFFUSED 0603 SMD","475-2709-1-ND","LED Indication - Discrete","LG L29K-G2J1-24-Z","OSRAM Opto Semiconductors Inc.","Active"
D7 ,1,"Flyback","digikey-footprints:SOD-123","http://www.onsemi.com/pub/Collateral/MBR0520LT1-D.PDF","Discrete Semiconductor Products","http://www.onsemi.com/pub/Collateral/MBR0520LT1-D.PDF","/product-detail/en/on-semiconductor/MBR0520LT1G/MBR0520LT1GOSCT-ND/917965","DIODE SCHOTTKY 20V 500MA SOD123","MBR0520LT1GOSCT-ND","Diodes - Rectifiers - Single","MBR0520LT1G","ON Semiconductor","Active"
J1 ,1,"MX120G","Connector_Molex:MX120G","~"
POT1 POT2 ,2,"20k","digikey-footprints:Trimpot_3.8mmx3.6mm_TC33X-2-103E","https://www.bourns.com/docs/Product-Datasheets/TC33.pdf","Potentiometers, Variable Resistors","https://www.bourns.com/docs/Product-Datasheets/TC33.pdf","/product-detail/en/bourns-inc/TC33X-2-103E/TC33X-103ETR-ND/612858","TRIMMER 10K OHM 0.1W J LEAD TOP","TC33X-103ETR-ND","Trimmer Potentiometers","TC33X-2-103E","Bourns Inc.","Active"
POT3 ,1,"100k","digikey-footprints:Trimpot_3.8mmx3.6mm_TC33X-2-103E","https://www.bourns.com/docs/Product-Datasheets/TC33.pdf","Potentiometers, Variable Resistors","https://www.bourns.com/docs/Product-Datasheets/TC33.pdf","/product-detail/en/bourns-inc/TC33X-2-103E/TC33X-103ETR-ND/612858","TRIMMER 10K OHM 0.1W J LEAD TOP","TC33X-103ETR-ND","Trimmer Potentiometers","TC33X-2-103E","Bourns Inc.","Active"
Q1 Q2 Q3 ,3,"BSS84","digikey-footprints:SOT-23-3","https://www.onsemi.com/pub/Collateral/BSS84-D.PDF","Discrete Semiconductor Products","https://www.onsemi.com/pub/Collateral/BSS84-D.PDF","/product-detail/en/on-semiconductor/BSS84/BSS84CT-ND/244297","MOSFET P-CH 50V 130MA SOT-23","BSS84CT-ND","Transistors - FETs, MOSFETs - Single","BSS84","ON Semiconductor","Active"
Q4 ,1,"NPN","digikey-footprints:SOT-23-3","https://www.diodes.com/assets/Datasheets/ds30036.pdf","Discrete Semiconductor Products","https://www.diodes.com/assets/Datasheets/ds30036.pdf","/product-detail/en/diodes-incorporated/MMBT3904-7-F/MMBT3904-FDICT-ND/815727","TRANS NPN 40V 0.2A SMD SOT23-3","MMBT3904-FDICT-ND","Transistors - Bipolar (BJT) - Single","MMBT3904-7-F","Diodes Incorporated","Active"
Q5 ,1,"PNP","digikey-footprints:SOT-23-3","https://media.digikey.com/pdf/Data%20Sheets/Diodes%20PDFs/MMBT3906.pdf","Discrete Semiconductor Products","https://media.digikey.com/pdf/Data%20Sheets/Diodes%20PDFs/MMBT3906.pdf","/product-detail/en/diodes-incorporated/MMBT3906-7-F/MMBT3906-FDICT-ND/822858","TRANS PNP 40V 0.2A SOT23-3","MMBT3906-FDICT-ND","Transistors - Bipolar (BJT) - Single","MMBT3906-7-F","Diodes Incorporated","Active"
R1 R11 R19 R2 R9 ,5,"100k","Resistor_SMD:R_0603_1608Metric_Pad1.05x0.95mm_HandSolder","~"
R15 R16 R17 ,3,"100","Resistor_SMD:R_0603_1608Metric_Pad1.05x0.95mm_HandSolder","~"
R18 R22 ,2,"20k","Resistor_SMD:R_0603_1608Metric_Pad1.05x0.95mm_HandSolder","~"
R20 ,1,"80k","Resistor_SMD:R_0603_1608Metric_Pad1.05x0.95mm_HandSolder","~"
R25 R26 ,2,"1k","Resistor_SMD:R_0603_1608Metric_Pad1.05x0.95mm_HandSolder","~"
R10 R12 R13 R14 R21 R23 R24 R3 R4 R7 R8 ,11,"10k","Resistor_SMD:R_0603_1608Metric_Pad1.05x0.95mm_HandSolder","~"
RLY1 ,1,"JSM1-12V-5","digikey-footprints:Relay_JSM1-12V-5","https://media.digikey.com/pdf/Data%20Sheets/Panasonic%20Electric%20Works%20PDFs/JS-M_Series_Rev_Dec_2011.pdf","Relays","https://media.digikey.com/pdf/Data%20Sheets/Panasonic%20Electric%20Works%20PDFs/JS-M_Series_Rev_Dec_2011.pdf","/product-detail/en/panasonic-electric-works/JSM1-12V-5/255-1240-ND/274764","RELAY AUTOMOTIVE SPDT 15A 12V","255-1240-ND","Automotive Relays","JSM1-12V-5","Panasonic Electric Works","Active"
TP1 ,1,"SENS1 TP","TestPoint:TestPoint_Loop_D2.50mm_Drill1.0mm_LowProfile","~"
TP2 ,1,"SENS2 TP","TestPoint:TestPoint_Loop_D2.50mm_Drill1.0mm_LowProfile","~"
TP3 ,1,"GND TP","TestPoint:TestPoint_Loop_D2.50mm_Drill1.0mm_LowProfile","~"
TP4 ,1,"5V TP","TestPoint:TestPoint_Loop_D2.50mm_Drill1.0mm_LowProfile","~"
TP5 ,1,"12V TP","TestPoint:TestPoint_Loop_D2.50mm_Drill1.0mm_LowProfile","~"
TP6 ,1,"Delay TP","TestPoint:TestPoint_Loop_D2.50mm_Drill1.0mm_LowProfile","~"
TP7 ,1,"Power-On TP","TestPoint:TestPoint_Loop_D2.50mm_Drill1.0mm_LowProfile","~"
U1 U2 ,2,"LM393ADR","digikey-footprints:SOIC-8_W3.9mm",""
U3 ,1,"NCP1117ST50T3G","digikey-footprints:SOT-223","http://www.onsemi.com/pub/Collateral/NCP1117-D.PDF","Integrated Circuits (ICs)","http://www.onsemi.com/pub/Collateral/NCP1117-D.PDF","/product-detail/en/on-semiconductor/NCP1117ST50T3G/NCP1117ST50T3GOSCT-ND/1967217","IC REG LINEAR 5V 1A SOT223","NCP1117ST50T3GOSCT-ND","PMIC - Voltage Regulators - Linear","NCP1117ST50T3G","ON Semiconductor","Active"
U4 ,1,"SN74AHC1G02","Package_TO_SOT_SMD:SOT-23-5_HandSoldering",""
U5 ,1,"AND","digikey-footprints:SOT-753","http://www.ti.com/lit/ds/symlink/sn74lvc1g08.pdf","Integrated Circuits (ICs)","http://www.ti.com/lit/ds/symlink/sn74lvc1g08.pdf","/product-detail/en/texas-instruments/SN74LVC1G08DBVR/296-11601-1-ND/385740","IC GATE AND 1CH 2-INP SOT23-5","296-11601-1-ND","Logic - Gates and Inverters","SN74LVC1G08DBVR","Texas Instruments","Active"