<?xml version="1.0" encoding="UTF-8"?>
<export version="D">
  <design>
    <source>/Users/lukasvozenilek/Google Drive/UBCO Motorsports/MK.II.2 (18_19)/Electrical (Mk2.2)/ETC/BSPD_2019/BSPD_2019/BSPD_2019.sch</source>
    <date>Saturday, September 14, 2019 at 05:30:08 pm</date>
    <tool>Eeschema (5.0.2-5-10.14)</tool>
    <sheet number="1" name="/" tstamps="/">
      <title_block>
        <title/>
        <company/>
        <rev/>
        <date/>
        <source>BSPD_2019.sch</source>
        <comment number="1" value=""/>
        <comment number="2" value=""/>
        <comment number="3" value=""/>
        <comment number="4" value=""/>
      </title_block>
    </sheet>
  </design>
  <components>
    <comp ref="U1">
      <value>LM393ADR</value>
      <footprint>digikey-footprints:SOIC-8_W3.9mm</footprint>
      <libsource lib="BSPD_2019-rescue" part="LM393ADR-dk_Linear-Comparators-BSPD_2019-rescue" description=""/>
      <sheetpath names="/" tstamps="/"/>
      <tstamp>5CB93F6C</tstamp>
    </comp>
    <comp ref="R3">
      <value>10k</value>
      <footprint>Resistor_SMD:R_0603_1608Metric_Pad1.05x0.95mm_HandSolder</footprint>
      <datasheet>~</datasheet>
      <libsource lib="Device" part="R_US" description="Resistor, US symbol"/>
      <sheetpath names="/" tstamps="/"/>
      <tstamp>5CB94412</tstamp>
    </comp>
    <comp ref="R1">
      <value>100k</value>
      <footprint>Resistor_SMD:R_0603_1608Metric_Pad1.05x0.95mm_HandSolder</footprint>
      <datasheet>~</datasheet>
      <libsource lib="Device" part="R_US" description="Resistor, US symbol"/>
      <sheetpath names="/" tstamps="/"/>
      <tstamp>5CB9455F</tstamp>
    </comp>
    <comp ref="D2">
      <value>ESD Diode</value>
      <footprint>Diode_SMD:D_SOD-323_HandSoldering</footprint>
      <datasheet>https://www.littelfuse.com/data/en/data_sheets/littelfuse_pulseguard-esd_pgb1.pdf</datasheet>
      <fields>
        <field name="Category">Circuit Protection</field>
        <field name="DK_Datasheet_Link">https://www.littelfuse.com/data/en/data_sheets/littelfuse_pulseguard-esd_pgb1.pdf</field>
        <field name="DK_Detail_Page">/product-detail/en/littelfuse-inc/PGB1010603MR/F2594CT-ND/813072</field>
        <field name="Description">TVS DIODE 24V 150V 0603</field>
        <field name="Digi-Key_PN">F2594CT-ND</field>
        <field name="Family">TVS - Diodes</field>
        <field name="MPN">PGB1010603MR</field>
        <field name="Manufacturer">Littelfuse Inc.</field>
        <field name="Status">Active</field>
      </fields>
      <libsource lib="dk_TVS-Diodes" part="PGB1010603MR" description="TVS DIODE 24V 150V 0603"/>
      <sheetpath names="/" tstamps="/"/>
      <tstamp>5CB9518C</tstamp>
    </comp>
    <comp ref="R10">
      <value>10k</value>
      <footprint>Resistor_SMD:R_0603_1608Metric_Pad1.05x0.95mm_HandSolder</footprint>
      <datasheet>~</datasheet>
      <libsource lib="Device" part="R_US" description="Resistor, US symbol"/>
      <sheetpath names="/" tstamps="/"/>
      <tstamp>5CB96727</tstamp>
    </comp>
    <comp ref="R9">
      <value>100k</value>
      <footprint>Resistor_SMD:R_0603_1608Metric_Pad1.05x0.95mm_HandSolder</footprint>
      <datasheet>~</datasheet>
      <libsource lib="Device" part="R_US" description="Resistor, US symbol"/>
      <sheetpath names="/" tstamps="/"/>
      <tstamp>5CB96A9A</tstamp>
    </comp>
    <comp ref="C3">
      <value>100n</value>
      <footprint>Capacitor_SMD:C_0603_1608Metric_Pad1.05x0.95mm_HandSolder</footprint>
      <datasheet>~</datasheet>
      <libsource lib="Device" part="C" description="Unpolarized capacitor"/>
      <sheetpath names="/" tstamps="/"/>
      <tstamp>5CB96DC8</tstamp>
    </comp>
    <comp ref="R7">
      <value>10k</value>
      <footprint>Resistor_SMD:R_0603_1608Metric_Pad1.05x0.95mm_HandSolder</footprint>
      <datasheet>~</datasheet>
      <libsource lib="Device" part="R_US" description="Resistor, US symbol"/>
      <sheetpath names="/" tstamps="/"/>
      <tstamp>5CB95457</tstamp>
    </comp>
    <comp ref="R13">
      <value>10k</value>
      <footprint>Resistor_SMD:R_0603_1608Metric_Pad1.05x0.95mm_HandSolder</footprint>
      <datasheet>~</datasheet>
      <libsource lib="Device" part="R_US" description="Resistor, US symbol"/>
      <sheetpath names="/" tstamps="/"/>
      <tstamp>5D780676</tstamp>
    </comp>
    <comp ref="U4">
      <value>SN74AHC1G02</value>
      <footprint>Package_TO_SOT_SMD:SOT-23-5_HandSoldering</footprint>
      <libsource lib="Lukas_Library" part="SN74AHC1G02" description=""/>
      <sheetpath names="/" tstamps="/"/>
      <tstamp>5D781D26</tstamp>
    </comp>
    <comp ref="RLY1">
      <value>JSM1-12V-5</value>
      <footprint>digikey-footprints:Relay_JSM1-12V-5</footprint>
      <datasheet>https://media.digikey.com/pdf/Data%20Sheets/Panasonic%20Electric%20Works%20PDFs/JS-M_Series_Rev_Dec_2011.pdf</datasheet>
      <fields>
        <field name="Category">Relays</field>
        <field name="DK_Datasheet_Link">https://media.digikey.com/pdf/Data%20Sheets/Panasonic%20Electric%20Works%20PDFs/JS-M_Series_Rev_Dec_2011.pdf</field>
        <field name="DK_Detail_Page">/product-detail/en/panasonic-electric-works/JSM1-12V-5/255-1240-ND/274764</field>
        <field name="Description">RELAY AUTOMOTIVE SPDT 15A 12V</field>
        <field name="Digi-Key_PN">255-1240-ND</field>
        <field name="Family">Automotive Relays</field>
        <field name="MPN">JSM1-12V-5</field>
        <field name="Manufacturer">Panasonic Electric Works</field>
        <field name="Status">Active</field>
      </fields>
      <libsource lib="dk_Automotive-Relays" part="JSM1-12V-5" description="RELAY AUTOMOTIVE SPDT 15A 12V"/>
      <sheetpath names="/" tstamps="/"/>
      <tstamp>5D782D63</tstamp>
    </comp>
    <comp ref="J1">
      <value>MX120G</value>
      <footprint>Connector_Molex:MX120G</footprint>
      <datasheet>~</datasheet>
      <libsource lib="Connector_Generic" part="Conn_02x06_Counter_Clockwise" description="Generic connector, double row, 02x06, counter clockwise pin numbering scheme (similar to DIP packge numbering), script generated (kicad-library-utils/schlib/autogen/connector/)"/>
      <sheetpath names="/" tstamps="/"/>
      <tstamp>5D7835EC</tstamp>
    </comp>
    <comp ref="U3">
      <value>NCP1117ST50T3G</value>
      <footprint>digikey-footprints:SOT-223</footprint>
      <datasheet>http://www.onsemi.com/pub/Collateral/NCP1117-D.PDF</datasheet>
      <fields>
        <field name="Category">Integrated Circuits (ICs)</field>
        <field name="DK_Datasheet_Link">http://www.onsemi.com/pub/Collateral/NCP1117-D.PDF</field>
        <field name="DK_Detail_Page">/product-detail/en/on-semiconductor/NCP1117ST50T3G/NCP1117ST50T3GOSCT-ND/1967217</field>
        <field name="Description">IC REG LINEAR 5V 1A SOT223</field>
        <field name="Digi-Key_PN">NCP1117ST50T3GOSCT-ND</field>
        <field name="Family">PMIC - Voltage Regulators - Linear</field>
        <field name="MPN">NCP1117ST50T3G</field>
        <field name="Manufacturer">ON Semiconductor</field>
        <field name="Status">Active</field>
      </fields>
      <libsource lib="dk_PMIC-Voltage-Regulators-Linear" part="NCP1117ST50T3G" description="IC REG LINEAR 5V 1A SOT223"/>
      <sheetpath names="/" tstamps="/"/>
      <tstamp>5D7842B2</tstamp>
    </comp>
    <comp ref="C1">
      <value>10u</value>
      <footprint>Capacitor_SMD:CP_Elec_4x5.4</footprint>
      <datasheet>~</datasheet>
      <libsource lib="Device" part="CP" description="Polarized capacitor"/>
      <sheetpath names="/" tstamps="/"/>
      <tstamp>5D786B85</tstamp>
    </comp>
    <comp ref="C6">
      <value>10u</value>
      <footprint>Capacitor_SMD:CP_Elec_4x5.4</footprint>
      <datasheet>~</datasheet>
      <libsource lib="Device" part="CP" description="Polarized capacitor"/>
      <sheetpath names="/" tstamps="/"/>
      <tstamp>5D786CAF</tstamp>
    </comp>
    <comp ref="C2">
      <value>10n</value>
      <footprint>Capacitor_SMD:C_0603_1608Metric_Pad1.05x0.95mm_HandSolder</footprint>
      <datasheet>~</datasheet>
      <libsource lib="Device" part="C" description="Unpolarized capacitor"/>
      <sheetpath names="/" tstamps="/"/>
      <tstamp>5D787123</tstamp>
    </comp>
    <comp ref="C5">
      <value>10n</value>
      <footprint>Capacitor_SMD:C_0603_1608Metric_Pad1.05x0.95mm_HandSolder</footprint>
      <datasheet>~</datasheet>
      <libsource lib="Device" part="C" description="Unpolarized capacitor"/>
      <sheetpath names="/" tstamps="/"/>
      <tstamp>5D7A3E37</tstamp>
    </comp>
    <comp ref="D1">
      <value>ESD</value>
      <footprint>Diode_SMD:D_SOD-323_HandSoldering</footprint>
      <datasheet>https://www.littelfuse.com/data/en/data_sheets/littelfuse_pulseguard-esd_pgb1.pdf</datasheet>
      <fields>
        <field name="Category">Circuit Protection</field>
        <field name="DK_Datasheet_Link">https://www.littelfuse.com/data/en/data_sheets/littelfuse_pulseguard-esd_pgb1.pdf</field>
        <field name="DK_Detail_Page">/product-detail/en/littelfuse-inc/PGB1010603MR/F2594CT-ND/813072</field>
        <field name="Description">TVS DIODE 24V 150V 0603</field>
        <field name="Digi-Key_PN">F2594CT-ND</field>
        <field name="Family">TVS - Diodes</field>
        <field name="MPN">PGB1010603MR</field>
        <field name="Manufacturer">Littelfuse Inc.</field>
        <field name="Status">Active</field>
      </fields>
      <libsource lib="dk_TVS-Diodes" part="PGB1010603MR" description="TVS DIODE 24V 150V 0603"/>
      <sheetpath names="/" tstamps="/"/>
      <tstamp>5D7C359A</tstamp>
    </comp>
    <comp ref="D7">
      <value>Flyback</value>
      <footprint>digikey-footprints:SOD-123</footprint>
      <datasheet>http://www.onsemi.com/pub/Collateral/MBR0520LT1-D.PDF</datasheet>
      <fields>
        <field name="Category">Discrete Semiconductor Products</field>
        <field name="DK_Datasheet_Link">http://www.onsemi.com/pub/Collateral/MBR0520LT1-D.PDF</field>
        <field name="DK_Detail_Page">/product-detail/en/on-semiconductor/MBR0520LT1G/MBR0520LT1GOSCT-ND/917965</field>
        <field name="Description">DIODE SCHOTTKY 20V 500MA SOD123</field>
        <field name="Digi-Key_PN">MBR0520LT1GOSCT-ND</field>
        <field name="Family">Diodes - Rectifiers - Single</field>
        <field name="MPN">MBR0520LT1G</field>
        <field name="Manufacturer">ON Semiconductor</field>
        <field name="Status">Active</field>
      </fields>
      <libsource lib="dk_Diodes-Rectifiers-Single" part="MBR0520LT1G" description="DIODE SCHOTTKY 20V 500MA SOD123"/>
      <sheetpath names="/" tstamps="/"/>
      <tstamp>5D840464</tstamp>
    </comp>
    <comp ref="R18">
      <value>20k</value>
      <footprint>Resistor_SMD:R_0603_1608Metric_Pad1.05x0.95mm_HandSolder</footprint>
      <datasheet>~</datasheet>
      <libsource lib="Device" part="R_US" description="Resistor, US symbol"/>
      <sheetpath names="/" tstamps="/"/>
      <tstamp>5D7CFA0C</tstamp>
    </comp>
    <comp ref="C8">
      <value>35u</value>
      <footprint>Capacitor_SMD:C_0603_1608Metric_Pad1.05x0.95mm_HandSolder</footprint>
      <datasheet>~</datasheet>
      <libsource lib="Device" part="C" description="Unpolarized capacitor"/>
      <sheetpath names="/" tstamps="/"/>
      <tstamp>5D7CFB96</tstamp>
    </comp>
    <comp ref="R21">
      <value>10k</value>
      <footprint>Resistor_SMD:R_0603_1608Metric_Pad1.05x0.95mm_HandSolder</footprint>
      <datasheet>~</datasheet>
      <libsource lib="Device" part="R_US" description="Resistor, US symbol"/>
      <sheetpath names="/" tstamps="/"/>
      <tstamp>5D799D50</tstamp>
    </comp>
    <comp ref="R24">
      <value>10k</value>
      <footprint>Resistor_SMD:R_0603_1608Metric_Pad1.05x0.95mm_HandSolder</footprint>
      <datasheet>~</datasheet>
      <libsource lib="Device" part="R_US" description="Resistor, US symbol"/>
      <sheetpath names="/" tstamps="/"/>
      <tstamp>5D7F0C19</tstamp>
    </comp>
    <comp ref="C9">
      <value>1u</value>
      <footprint>Capacitor_SMD:C_0603_1608Metric_Pad1.05x0.95mm_HandSolder</footprint>
      <datasheet>~</datasheet>
      <libsource lib="Device" part="C" description="Unpolarized capacitor"/>
      <sheetpath names="/" tstamps="/"/>
      <tstamp>5D809391</tstamp>
    </comp>
    <comp ref="R23">
      <value>10k</value>
      <footprint>Resistor_SMD:R_0603_1608Metric_Pad1.05x0.95mm_HandSolder</footprint>
      <datasheet>~</datasheet>
      <libsource lib="Device" part="R_US" description="Resistor, US symbol"/>
      <sheetpath names="/" tstamps="/"/>
      <tstamp>5D809735</tstamp>
    </comp>
    <comp ref="R22">
      <value>20k</value>
      <footprint>Resistor_SMD:R_0603_1608Metric_Pad1.05x0.95mm_HandSolder</footprint>
      <datasheet>~</datasheet>
      <libsource lib="Device" part="R_US" description="Resistor, US symbol"/>
      <sheetpath names="/" tstamps="/"/>
      <tstamp>5D836342</tstamp>
    </comp>
    <comp ref="R20">
      <value>80k</value>
      <footprint>Resistor_SMD:R_0603_1608Metric_Pad1.05x0.95mm_HandSolder</footprint>
      <datasheet>~</datasheet>
      <libsource lib="Device" part="R_US" description="Resistor, US symbol"/>
      <sheetpath names="/" tstamps="/"/>
      <tstamp>5DA6F4A5</tstamp>
    </comp>
    <comp ref="C7">
      <value>10u</value>
      <footprint>Capacitor_SMD:C_0603_1608Metric_Pad1.05x0.95mm_HandSolder</footprint>
      <datasheet>~</datasheet>
      <libsource lib="Device" part="C" description="Unpolarized capacitor"/>
      <sheetpath names="/" tstamps="/"/>
      <tstamp>5DA6F4AB</tstamp>
    </comp>
    <comp ref="R19">
      <value>100k</value>
      <footprint>Resistor_SMD:R_0603_1608Metric_Pad1.05x0.95mm_HandSolder</footprint>
      <datasheet>~</datasheet>
      <libsource lib="Device" part="R_US" description="Resistor, US symbol"/>
      <sheetpath names="/" tstamps="/"/>
      <tstamp>5DAC31E4</tstamp>
    </comp>
    <comp ref="D6">
      <value>LED_RELAY</value>
      <footprint>digikey-footprints:0603</footprint>
      <datasheet>https://dammedia.osram.info/media/resource/hires/osram-dam-2493945/LG%20L29K.pdf</datasheet>
      <fields>
        <field name="Category">Optoelectronics</field>
        <field name="DK_Datasheet_Link">https://dammedia.osram.info/media/resource/hires/osram-dam-2493945/LG%20L29K.pdf</field>
        <field name="DK_Detail_Page">/product-detail/en/osram-opto-semiconductors-inc/LG-L29K-G2J1-24-Z/475-2709-1-ND/1938876</field>
        <field name="Description">LED GREEN DIFFUSED 0603 SMD</field>
        <field name="Digi-Key_PN">475-2709-1-ND</field>
        <field name="Family">LED Indication - Discrete</field>
        <field name="MPN">LG L29K-G2J1-24-Z</field>
        <field name="Manufacturer">OSRAM Opto Semiconductors Inc.</field>
        <field name="Status">Active</field>
      </fields>
      <libsource lib="dk_LED-Indication-Discrete" part="LG_L29K-G2J1-24-Z" description="LED GREEN DIFFUSED 0603 SMD"/>
      <sheetpath names="/" tstamps="/"/>
      <tstamp>5DAF68C1</tstamp>
    </comp>
    <comp ref="U2">
      <value>LM393ADR</value>
      <footprint>digikey-footprints:SOIC-8_W3.9mm</footprint>
      <libsource lib="BSPD_2019-rescue" part="LM393ADR-dk_Linear-Comparators-BSPD_2019-rescue" description=""/>
      <sheetpath names="/" tstamps="/"/>
      <tstamp>5D7B99FE</tstamp>
    </comp>
    <comp ref="R4">
      <value>10k</value>
      <footprint>Resistor_SMD:R_0603_1608Metric_Pad1.05x0.95mm_HandSolder</footprint>
      <datasheet>~</datasheet>
      <libsource lib="Device" part="R_US" description="Resistor, US symbol"/>
      <sheetpath names="/" tstamps="/"/>
      <tstamp>5D7B9A04</tstamp>
    </comp>
    <comp ref="R2">
      <value>100k</value>
      <footprint>Resistor_SMD:R_0603_1608Metric_Pad1.05x0.95mm_HandSolder</footprint>
      <datasheet>~</datasheet>
      <libsource lib="Device" part="R_US" description="Resistor, US symbol"/>
      <sheetpath names="/" tstamps="/"/>
      <tstamp>5D7B9A0A</tstamp>
    </comp>
    <comp ref="D3">
      <value>ESD Diode</value>
      <footprint>Diode_SMD:D_SOD-323_HandSoldering</footprint>
      <datasheet>https://www.littelfuse.com/data/en/data_sheets/littelfuse_pulseguard-esd_pgb1.pdf</datasheet>
      <fields>
        <field name="Category">Circuit Protection</field>
        <field name="DK_Datasheet_Link">https://www.littelfuse.com/data/en/data_sheets/littelfuse_pulseguard-esd_pgb1.pdf</field>
        <field name="DK_Detail_Page">/product-detail/en/littelfuse-inc/PGB1010603MR/F2594CT-ND/813072</field>
        <field name="Description">TVS DIODE 24V 150V 0603</field>
        <field name="Digi-Key_PN">F2594CT-ND</field>
        <field name="Family">TVS - Diodes</field>
        <field name="MPN">PGB1010603MR</field>
        <field name="Manufacturer">Littelfuse Inc.</field>
        <field name="Status">Active</field>
      </fields>
      <libsource lib="dk_TVS-Diodes" part="PGB1010603MR" description="TVS DIODE 24V 150V 0603"/>
      <sheetpath names="/" tstamps="/"/>
      <tstamp>5D7B9A23</tstamp>
    </comp>
    <comp ref="R12">
      <value>10k</value>
      <footprint>Resistor_SMD:R_0603_1608Metric_Pad1.05x0.95mm_HandSolder</footprint>
      <datasheet>~</datasheet>
      <libsource lib="Device" part="R_US" description="Resistor, US symbol"/>
      <sheetpath names="/" tstamps="/"/>
      <tstamp>5D7B9A4F</tstamp>
    </comp>
    <comp ref="R11">
      <value>100k</value>
      <footprint>Resistor_SMD:R_0603_1608Metric_Pad1.05x0.95mm_HandSolder</footprint>
      <datasheet>~</datasheet>
      <libsource lib="Device" part="R_US" description="Resistor, US symbol"/>
      <sheetpath names="/" tstamps="/"/>
      <tstamp>5D7B9A6D</tstamp>
    </comp>
    <comp ref="C4">
      <value>100n</value>
      <footprint>Capacitor_SMD:C_0603_1608Metric_Pad1.05x0.95mm_HandSolder</footprint>
      <datasheet>~</datasheet>
      <libsource lib="Device" part="C" description="Unpolarized capacitor"/>
      <sheetpath names="/" tstamps="/"/>
      <tstamp>5D7B9A75</tstamp>
    </comp>
    <comp ref="R8">
      <value>10k</value>
      <footprint>Resistor_SMD:R_0603_1608Metric_Pad1.05x0.95mm_HandSolder</footprint>
      <datasheet>~</datasheet>
      <libsource lib="Device" part="R_US" description="Resistor, US symbol"/>
      <sheetpath names="/" tstamps="/"/>
      <tstamp>5D7B9A84</tstamp>
    </comp>
    <comp ref="R14">
      <value>10k</value>
      <footprint>Resistor_SMD:R_0603_1608Metric_Pad1.05x0.95mm_HandSolder</footprint>
      <datasheet>~</datasheet>
      <libsource lib="Device" part="R_US" description="Resistor, US symbol"/>
      <sheetpath names="/" tstamps="/"/>
      <tstamp>5D7B9A90</tstamp>
    </comp>
    <comp ref="R17">
      <value>100</value>
      <footprint>Resistor_SMD:R_0603_1608Metric_Pad1.05x0.95mm_HandSolder</footprint>
      <datasheet>~</datasheet>
      <libsource lib="Device" part="R_US" description="Resistor, US symbol"/>
      <sheetpath names="/" tstamps="/"/>
      <tstamp>5D7BE5E9</tstamp>
    </comp>
    <comp ref="D4">
      <value>LED_ERR1</value>
      <footprint>digikey-footprints:0603</footprint>
      <datasheet>https://dammedia.osram.info/media/resource/hires/osram-dam-2493945/LG%20L29K.pdf</datasheet>
      <fields>
        <field name="Category">Optoelectronics</field>
        <field name="DK_Datasheet_Link">https://dammedia.osram.info/media/resource/hires/osram-dam-2493945/LG%20L29K.pdf</field>
        <field name="DK_Detail_Page">/product-detail/en/osram-opto-semiconductors-inc/LG-L29K-G2J1-24-Z/475-2709-1-ND/1938876</field>
        <field name="Description">LED GREEN DIFFUSED 0603 SMD</field>
        <field name="Digi-Key_PN">475-2709-1-ND</field>
        <field name="Family">LED Indication - Discrete</field>
        <field name="MPN">LG L29K-G2J1-24-Z</field>
        <field name="Manufacturer">OSRAM Opto Semiconductors Inc.</field>
        <field name="Status">Active</field>
      </fields>
      <libsource lib="dk_LED-Indication-Discrete" part="LG_L29K-G2J1-24-Z" description="LED GREEN DIFFUSED 0603 SMD"/>
      <sheetpath names="/" tstamps="/"/>
      <tstamp>5D8373B4</tstamp>
    </comp>
    <comp ref="R15">
      <value>100</value>
      <footprint>Resistor_SMD:R_0603_1608Metric_Pad1.05x0.95mm_HandSolder</footprint>
      <datasheet>~</datasheet>
      <libsource lib="Device" part="R_US" description="Resistor, US symbol"/>
      <sheetpath names="/" tstamps="/"/>
      <tstamp>5D83766E</tstamp>
    </comp>
    <comp ref="D5">
      <value>LED_ERR2</value>
      <footprint>digikey-footprints:0603</footprint>
      <datasheet>https://dammedia.osram.info/media/resource/hires/osram-dam-2493945/LG%20L29K.pdf</datasheet>
      <fields>
        <field name="Category">Optoelectronics</field>
        <field name="DK_Datasheet_Link">https://dammedia.osram.info/media/resource/hires/osram-dam-2493945/LG%20L29K.pdf</field>
        <field name="DK_Detail_Page">/product-detail/en/osram-opto-semiconductors-inc/LG-L29K-G2J1-24-Z/475-2709-1-ND/1938876</field>
        <field name="Description">LED GREEN DIFFUSED 0603 SMD</field>
        <field name="Digi-Key_PN">475-2709-1-ND</field>
        <field name="Family">LED Indication - Discrete</field>
        <field name="MPN">LG L29K-G2J1-24-Z</field>
        <field name="Manufacturer">OSRAM Opto Semiconductors Inc.</field>
        <field name="Status">Active</field>
      </fields>
      <libsource lib="dk_LED-Indication-Discrete" part="LG_L29K-G2J1-24-Z" description="LED GREEN DIFFUSED 0603 SMD"/>
      <sheetpath names="/" tstamps="/"/>
      <tstamp>5D83EEE5</tstamp>
    </comp>
    <comp ref="R16">
      <value>100</value>
      <footprint>Resistor_SMD:R_0603_1608Metric_Pad1.05x0.95mm_HandSolder</footprint>
      <datasheet>~</datasheet>
      <libsource lib="Device" part="R_US" description="Resistor, US symbol"/>
      <sheetpath names="/" tstamps="/"/>
      <tstamp>5D83EEEB</tstamp>
    </comp>
    <comp ref="U5">
      <value>AND</value>
      <footprint>digikey-footprints:SOT-753</footprint>
      <datasheet>http://www.ti.com/lit/ds/symlink/sn74lvc1g08.pdf</datasheet>
      <fields>
        <field name="Category">Integrated Circuits (ICs)</field>
        <field name="DK_Datasheet_Link">http://www.ti.com/lit/ds/symlink/sn74lvc1g08.pdf</field>
        <field name="DK_Detail_Page">/product-detail/en/texas-instruments/SN74LVC1G08DBVR/296-11601-1-ND/385740</field>
        <field name="Description">IC GATE AND 1CH 2-INP SOT23-5</field>
        <field name="Digi-Key_PN">296-11601-1-ND</field>
        <field name="Family">Logic - Gates and Inverters</field>
        <field name="MPN">SN74LVC1G08DBVR</field>
        <field name="Manufacturer">Texas Instruments</field>
        <field name="Status">Active</field>
      </fields>
      <libsource lib="dk_Logic-Gates-and-Inverters" part="SN74LVC1G08DBVR" description="IC GATE AND 1CH 2-INP SOT23-5"/>
      <sheetpath names="/" tstamps="/"/>
      <tstamp>5D87076A</tstamp>
    </comp>
    <comp ref="Q3">
      <value>BSS84</value>
      <footprint>digikey-footprints:SOT-23-3</footprint>
      <datasheet>https://www.onsemi.com/pub/Collateral/BSS84-D.PDF</datasheet>
      <fields>
        <field name="Category">Discrete Semiconductor Products</field>
        <field name="DK_Datasheet_Link">https://www.onsemi.com/pub/Collateral/BSS84-D.PDF</field>
        <field name="DK_Detail_Page">/product-detail/en/on-semiconductor/BSS84/BSS84CT-ND/244297</field>
        <field name="Description">MOSFET P-CH 50V 130MA SOT-23</field>
        <field name="Digi-Key_PN">BSS84CT-ND</field>
        <field name="Family">Transistors - FETs, MOSFETs - Single</field>
        <field name="MPN">BSS84</field>
        <field name="Manufacturer">ON Semiconductor</field>
        <field name="Status">Active</field>
      </fields>
      <libsource lib="dk_Transistors-FETs-MOSFETs-Single" part="BSS84" description="MOSFET P-CH 50V 130MA SOT-23"/>
      <sheetpath names="/" tstamps="/"/>
      <tstamp>5D7B0084</tstamp>
    </comp>
    <comp ref="Q1">
      <value>BSS84</value>
      <footprint>digikey-footprints:SOT-23-3</footprint>
      <datasheet>https://www.onsemi.com/pub/Collateral/BSS84-D.PDF</datasheet>
      <fields>
        <field name="Category">Discrete Semiconductor Products</field>
        <field name="DK_Datasheet_Link">https://www.onsemi.com/pub/Collateral/BSS84-D.PDF</field>
        <field name="DK_Detail_Page">/product-detail/en/on-semiconductor/BSS84/BSS84CT-ND/244297</field>
        <field name="Description">MOSFET P-CH 50V 130MA SOT-23</field>
        <field name="Digi-Key_PN">BSS84CT-ND</field>
        <field name="Family">Transistors - FETs, MOSFETs - Single</field>
        <field name="MPN">BSS84</field>
        <field name="Manufacturer">ON Semiconductor</field>
        <field name="Status">Active</field>
      </fields>
      <libsource lib="dk_Transistors-FETs-MOSFETs-Single" part="BSS84" description="MOSFET P-CH 50V 130MA SOT-23"/>
      <sheetpath names="/" tstamps="/"/>
      <tstamp>5D7BF82F</tstamp>
    </comp>
    <comp ref="Q2">
      <value>BSS84</value>
      <footprint>digikey-footprints:SOT-23-3</footprint>
      <datasheet>https://www.onsemi.com/pub/Collateral/BSS84-D.PDF</datasheet>
      <fields>
        <field name="Category">Discrete Semiconductor Products</field>
        <field name="DK_Datasheet_Link">https://www.onsemi.com/pub/Collateral/BSS84-D.PDF</field>
        <field name="DK_Detail_Page">/product-detail/en/on-semiconductor/BSS84/BSS84CT-ND/244297</field>
        <field name="Description">MOSFET P-CH 50V 130MA SOT-23</field>
        <field name="Digi-Key_PN">BSS84CT-ND</field>
        <field name="Family">Transistors - FETs, MOSFETs - Single</field>
        <field name="MPN">BSS84</field>
        <field name="Manufacturer">ON Semiconductor</field>
        <field name="Status">Active</field>
      </fields>
      <libsource lib="dk_Transistors-FETs-MOSFETs-Single" part="BSS84" description="MOSFET P-CH 50V 130MA SOT-23"/>
      <sheetpath names="/" tstamps="/"/>
      <tstamp>5D7C371D</tstamp>
    </comp>
    <comp ref="R25">
      <value>1k</value>
      <footprint>Resistor_SMD:R_0603_1608Metric_Pad1.05x0.95mm_HandSolder</footprint>
      <datasheet>~</datasheet>
      <libsource lib="Device" part="R_US" description="Resistor, US symbol"/>
      <sheetpath names="/" tstamps="/"/>
      <tstamp>5D7CB45D</tstamp>
    </comp>
    <comp ref="R26">
      <value>1k</value>
      <footprint>Resistor_SMD:R_0603_1608Metric_Pad1.05x0.95mm_HandSolder</footprint>
      <datasheet>~</datasheet>
      <libsource lib="Device" part="R_US" description="Resistor, US symbol"/>
      <sheetpath names="/" tstamps="/"/>
      <tstamp>5D7CB792</tstamp>
    </comp>
    <comp ref="POT1">
      <value>20k</value>
      <footprint>digikey-footprints:Trimpot_3.8mmx3.6mm_TC33X-2-103E</footprint>
      <datasheet>https://www.bourns.com/docs/Product-Datasheets/TC33.pdf</datasheet>
      <fields>
        <field name="Category">Potentiometers, Variable Resistors</field>
        <field name="DK_Datasheet_Link">https://www.bourns.com/docs/Product-Datasheets/TC33.pdf</field>
        <field name="DK_Detail_Page">/product-detail/en/bourns-inc/TC33X-2-103E/TC33X-103ETR-ND/612858</field>
        <field name="Description">TRIMMER 10K OHM 0.1W J LEAD TOP</field>
        <field name="Digi-Key_PN">TC33X-103ETR-ND</field>
        <field name="Family">Trimmer Potentiometers</field>
        <field name="MPN">TC33X-2-103E</field>
        <field name="Manufacturer">Bourns Inc.</field>
        <field name="Status">Active</field>
      </fields>
      <libsource lib="dk_Trimmer-Potentiometers" part="TC33X-2-103E" description="TRIMMER 10K OHM 0.1W J LEAD TOP"/>
      <sheetpath names="/" tstamps="/"/>
      <tstamp>5D7AFA8F</tstamp>
    </comp>
    <comp ref="POT2">
      <value>20k</value>
      <footprint>digikey-footprints:Trimpot_3.8mmx3.6mm_TC33X-2-103E</footprint>
      <datasheet>https://www.bourns.com/docs/Product-Datasheets/TC33.pdf</datasheet>
      <fields>
        <field name="Category">Potentiometers, Variable Resistors</field>
        <field name="DK_Datasheet_Link">https://www.bourns.com/docs/Product-Datasheets/TC33.pdf</field>
        <field name="DK_Detail_Page">/product-detail/en/bourns-inc/TC33X-2-103E/TC33X-103ETR-ND/612858</field>
        <field name="Description">TRIMMER 10K OHM 0.1W J LEAD TOP</field>
        <field name="Digi-Key_PN">TC33X-103ETR-ND</field>
        <field name="Family">Trimmer Potentiometers</field>
        <field name="MPN">TC33X-2-103E</field>
        <field name="Manufacturer">Bourns Inc.</field>
        <field name="Status">Active</field>
      </fields>
      <libsource lib="dk_Trimmer-Potentiometers" part="TC33X-2-103E" description="TRIMMER 10K OHM 0.1W J LEAD TOP"/>
      <sheetpath names="/" tstamps="/"/>
      <tstamp>5D7DEEB6</tstamp>
    </comp>
    <comp ref="POT3">
      <value>100k</value>
      <footprint>digikey-footprints:Trimpot_3.8mmx3.6mm_TC33X-2-103E</footprint>
      <datasheet>https://www.bourns.com/docs/Product-Datasheets/TC33.pdf</datasheet>
      <fields>
        <field name="Category">Potentiometers, Variable Resistors</field>
        <field name="DK_Datasheet_Link">https://www.bourns.com/docs/Product-Datasheets/TC33.pdf</field>
        <field name="DK_Detail_Page">/product-detail/en/bourns-inc/TC33X-2-103E/TC33X-103ETR-ND/612858</field>
        <field name="Description">TRIMMER 10K OHM 0.1W J LEAD TOP</field>
        <field name="Digi-Key_PN">TC33X-103ETR-ND</field>
        <field name="Family">Trimmer Potentiometers</field>
        <field name="MPN">TC33X-2-103E</field>
        <field name="Manufacturer">Bourns Inc.</field>
        <field name="Status">Active</field>
      </fields>
      <libsource lib="dk_Trimmer-Potentiometers" part="TC33X-2-103E" description="TRIMMER 10K OHM 0.1W J LEAD TOP"/>
      <sheetpath names="/" tstamps="/"/>
      <tstamp>5D81F276</tstamp>
    </comp>
    <comp ref="Q4">
      <value>NPN</value>
      <footprint>digikey-footprints:SOT-23-3</footprint>
      <datasheet>https://www.diodes.com/assets/Datasheets/ds30036.pdf</datasheet>
      <fields>
        <field name="Category">Discrete Semiconductor Products</field>
        <field name="DK_Datasheet_Link">https://www.diodes.com/assets/Datasheets/ds30036.pdf</field>
        <field name="DK_Detail_Page">/product-detail/en/diodes-incorporated/MMBT3904-7-F/MMBT3904-FDICT-ND/815727</field>
        <field name="Description">TRANS NPN 40V 0.2A SMD SOT23-3</field>
        <field name="Digi-Key_PN">MMBT3904-FDICT-ND</field>
        <field name="Family">Transistors - Bipolar (BJT) - Single</field>
        <field name="MPN">MMBT3904-7-F</field>
        <field name="Manufacturer">Diodes Incorporated</field>
        <field name="Status">Active</field>
      </fields>
      <libsource lib="dk_Transistors-Bipolar-BJT-Single" part="MMBT3904-7-F" description="TRANS NPN 40V 0.2A SMD SOT23-3"/>
      <sheetpath names="/" tstamps="/"/>
      <tstamp>5D876572</tstamp>
    </comp>
    <comp ref="Q5">
      <value>PNP</value>
      <footprint>digikey-footprints:SOT-23-3</footprint>
      <datasheet>https://media.digikey.com/pdf/Data%20Sheets/Diodes%20PDFs/MMBT3906.pdf</datasheet>
      <fields>
        <field name="Category">Discrete Semiconductor Products</field>
        <field name="DK_Datasheet_Link">https://media.digikey.com/pdf/Data%20Sheets/Diodes%20PDFs/MMBT3906.pdf</field>
        <field name="DK_Detail_Page">/product-detail/en/diodes-incorporated/MMBT3906-7-F/MMBT3906-FDICT-ND/822858</field>
        <field name="Description">TRANS PNP 40V 0.2A SOT23-3</field>
        <field name="Digi-Key_PN">MMBT3906-FDICT-ND</field>
        <field name="Family">Transistors - Bipolar (BJT) - Single</field>
        <field name="MPN">MMBT3906-7-F</field>
        <field name="Manufacturer">Diodes Incorporated</field>
        <field name="Status">Active</field>
      </fields>
      <libsource lib="dk_Transistors-Bipolar-BJT-Single" part="MMBT3906-7-F" description="TRANS PNP 40V 0.2A SOT23-3"/>
      <sheetpath names="/" tstamps="/"/>
      <tstamp>5D876B7D</tstamp>
    </comp>
    <comp ref="TP1">
      <value>SENS1 TP</value>
      <footprint>TestPoint:TestPoint_Loop_D2.50mm_Drill1.0mm_LowProfile</footprint>
      <datasheet>~</datasheet>
      <libsource lib="Connector" part="TestPoint" description="test point"/>
      <sheetpath names="/" tstamps="/"/>
      <tstamp>5D7B0826</tstamp>
    </comp>
    <comp ref="TP2">
      <value>SENS2 TP</value>
      <footprint>TestPoint:TestPoint_Loop_D2.50mm_Drill1.0mm_LowProfile</footprint>
      <datasheet>~</datasheet>
      <libsource lib="Connector" part="TestPoint" description="test point"/>
      <sheetpath names="/" tstamps="/"/>
      <tstamp>5D7BC77B</tstamp>
    </comp>
    <comp ref="TP6">
      <value>Delay TP</value>
      <footprint>TestPoint:TestPoint_Loop_D2.50mm_Drill1.0mm_LowProfile</footprint>
      <datasheet>~</datasheet>
      <libsource lib="Connector" part="TestPoint" description="test point"/>
      <sheetpath names="/" tstamps="/"/>
      <tstamp>5D7C4FC8</tstamp>
    </comp>
    <comp ref="TP7">
      <value>Power-On TP</value>
      <footprint>TestPoint:TestPoint_Loop_D2.50mm_Drill1.0mm_LowProfile</footprint>
      <datasheet>~</datasheet>
      <libsource lib="Connector" part="TestPoint" description="test point"/>
      <sheetpath names="/" tstamps="/"/>
      <tstamp>5D7C57E2</tstamp>
    </comp>
    <comp ref="TP3">
      <value>GND TP</value>
      <footprint>TestPoint:TestPoint_Loop_D2.50mm_Drill1.0mm_LowProfile</footprint>
      <datasheet>~</datasheet>
      <libsource lib="Connector" part="TestPoint" description="test point"/>
      <sheetpath names="/" tstamps="/"/>
      <tstamp>5D7C6746</tstamp>
    </comp>
    <comp ref="TP4">
      <value>5V TP</value>
      <footprint>TestPoint:TestPoint_Loop_D2.50mm_Drill1.0mm_LowProfile</footprint>
      <datasheet>~</datasheet>
      <libsource lib="Connector" part="TestPoint" description="test point"/>
      <sheetpath names="/" tstamps="/"/>
      <tstamp>5D7C6905</tstamp>
    </comp>
    <comp ref="TP5">
      <value>12V TP</value>
      <footprint>TestPoint:TestPoint_Loop_D2.50mm_Drill1.0mm_LowProfile</footprint>
      <datasheet>~</datasheet>
      <libsource lib="Connector" part="TestPoint" description="test point"/>
      <sheetpath names="/" tstamps="/"/>
      <tstamp>5D7CB1C3</tstamp>
    </comp>
    <comp ref="C10">
      <value>100n</value>
      <footprint>Capacitor_SMD:C_0603_1608Metric_Pad1.05x0.95mm_HandSolder</footprint>
      <datasheet>~</datasheet>
      <libsource lib="Device" part="C" description="Unpolarized capacitor"/>
      <sheetpath names="/" tstamps="/"/>
      <tstamp>5D7B2CB6</tstamp>
    </comp>
    <comp ref="C11">
      <value>100n</value>
      <footprint>Capacitor_SMD:C_0603_1608Metric_Pad1.05x0.95mm_HandSolder</footprint>
      <datasheet>~</datasheet>
      <libsource lib="Device" part="C" description="Unpolarized capacitor"/>
      <sheetpath names="/" tstamps="/"/>
      <tstamp>5D7B6D38</tstamp>
    </comp>
  </components>
  <libparts>
    <libpart lib="BSPD_2019-rescue" part="LM393ADR-dk_Linear-Comparators-BSPD_2019-rescue">
      <fields>
        <field name="Reference">U</field>
        <field name="Value">LM393ADR-dk_Linear-Comparators-BSPD_2019-rescue</field>
      </fields>
      <pins>
        <pin num="1" name="1OUT" type="output"/>
        <pin num="2" name="1IN-" type="input"/>
        <pin num="3" name="1IN+" type="input"/>
        <pin num="4" name="GND" type="input"/>
        <pin num="5" name="2IN+" type="input"/>
        <pin num="6" name="2IN-" type="input"/>
        <pin num="7" name="2OUT" type="output"/>
        <pin num="8" name="VCC" type="power_in"/>
      </pins>
    </libpart>
    <libpart lib="Connector" part="TestPoint">
      <description>test point</description>
      <docs>~</docs>
      <footprints>
        <fp>Pin*</fp>
        <fp>Test*</fp>
      </footprints>
      <fields>
        <field name="Reference">TP</field>
        <field name="Value">TestPoint</field>
      </fields>
      <pins>
        <pin num="1" name="1" type="passive"/>
      </pins>
    </libpart>
    <libpart lib="Connector_Generic" part="Conn_02x06_Counter_Clockwise">
      <description>Generic connector, double row, 02x06, counter clockwise pin numbering scheme (similar to DIP packge numbering), script generated (kicad-library-utils/schlib/autogen/connector/)</description>
      <docs>~</docs>
      <footprints>
        <fp>Connector*:*_2x??_*</fp>
      </footprints>
      <fields>
        <field name="Reference">J</field>
        <field name="Value">Conn_02x06_Counter_Clockwise</field>
      </fields>
      <pins>
        <pin num="1" name="Pin_1" type="passive"/>
        <pin num="2" name="Pin_2" type="passive"/>
        <pin num="3" name="Pin_3" type="passive"/>
        <pin num="4" name="Pin_4" type="passive"/>
        <pin num="5" name="Pin_5" type="passive"/>
        <pin num="6" name="Pin_6" type="passive"/>
        <pin num="7" name="Pin_7" type="passive"/>
        <pin num="8" name="Pin_8" type="passive"/>
        <pin num="9" name="Pin_9" type="passive"/>
        <pin num="10" name="Pin_10" type="passive"/>
        <pin num="11" name="Pin_11" type="passive"/>
        <pin num="12" name="Pin_12" type="passive"/>
      </pins>
    </libpart>
    <libpart lib="Device" part="C">
      <description>Unpolarized capacitor</description>
      <docs>~</docs>
      <footprints>
        <fp>C_*</fp>
      </footprints>
      <fields>
        <field name="Reference">C</field>
        <field name="Value">C</field>
      </fields>
      <pins>
        <pin num="1" name="~" type="passive"/>
        <pin num="2" name="~" type="passive"/>
      </pins>
    </libpart>
    <libpart lib="Device" part="CP">
      <description>Polarized capacitor</description>
      <docs>~</docs>
      <footprints>
        <fp>CP_*</fp>
      </footprints>
      <fields>
        <field name="Reference">C</field>
        <field name="Value">CP</field>
      </fields>
      <pins>
        <pin num="1" name="~" type="passive"/>
        <pin num="2" name="~" type="passive"/>
      </pins>
    </libpart>
    <libpart lib="Device" part="R_US">
      <description>Resistor, US symbol</description>
      <docs>~</docs>
      <footprints>
        <fp>R_*</fp>
      </footprints>
      <fields>
        <field name="Reference">R</field>
        <field name="Value">R_US</field>
      </fields>
      <pins>
        <pin num="1" name="~" type="passive"/>
        <pin num="2" name="~" type="passive"/>
      </pins>
    </libpart>
    <libpart lib="Lukas_Library" part="SN74AHC1G02">
      <fields>
        <field name="Reference">U</field>
        <field name="Value">SN74AHC1G02</field>
      </fields>
      <pins>
        <pin num="1" name="A" type="input"/>
        <pin num="2" name="B" type="input"/>
        <pin num="3" name="GND" type="unspc"/>
        <pin num="4" name="Y" type="output"/>
        <pin num="5" name="Vcc" type="power_in"/>
      </pins>
    </libpart>
    <libpart lib="dk_Automotive-Relays" part="JSM1-12V-5">
      <description>RELAY AUTOMOTIVE SPDT 15A 12V</description>
      <docs>https://media.digikey.com/pdf/Data%20Sheets/Panasonic%20Electric%20Works%20PDFs/JS-M_Series_Rev_Dec_2011.pdf</docs>
      <fields>
        <field name="Reference">RLY</field>
        <field name="Value">JSM1-12V-5</field>
        <field name="Footprint">digikey-footprints:Relay_JSM1-12V-5</field>
        <field name="Datasheet">https://media.digikey.com/pdf/Data%20Sheets/Panasonic%20Electric%20Works%20PDFs/JS-M_Series_Rev_Dec_2011.pdf</field>
        <field name="Digi-Key_PN">255-1240-ND</field>
        <field name="MPN">JSM1-12V-5</field>
        <field name="Category">Relays</field>
        <field name="Family">Automotive Relays</field>
        <field name="DK_Datasheet_Link">https://media.digikey.com/pdf/Data%20Sheets/Panasonic%20Electric%20Works%20PDFs/JS-M_Series_Rev_Dec_2011.pdf</field>
        <field name="DK_Detail_Page">/product-detail/en/panasonic-electric-works/JSM1-12V-5/255-1240-ND/274764</field>
        <field name="Description">RELAY AUTOMOTIVE SPDT 15A 12V</field>
        <field name="Manufacturer">Panasonic Electric Works</field>
        <field name="Status">Active</field>
      </fields>
      <pins>
        <pin num="1" name="COM" type="passive"/>
        <pin num="2" name="~" type="input"/>
        <pin num="3" name="NO" type="passive"/>
        <pin num="4" name="NC" type="passive"/>
        <pin num="5" name="~" type="input"/>
      </pins>
    </libpart>
    <libpart lib="dk_Diodes-Rectifiers-Single" part="MBR0520LT1G">
      <description>DIODE SCHOTTKY 20V 500MA SOD123</description>
      <docs>http://www.onsemi.com/pub/Collateral/MBR0520LT1-D.PDF</docs>
      <fields>
        <field name="Reference">D</field>
        <field name="Value">MBR0520LT1G</field>
        <field name="Footprint">digikey-footprints:SOD-123</field>
        <field name="Datasheet">http://www.onsemi.com/pub/Collateral/MBR0520LT1-D.PDF</field>
        <field name="Digi-Key_PN">MBR0520LT1GOSCT-ND</field>
        <field name="MPN">MBR0520LT1G</field>
        <field name="Category">Discrete Semiconductor Products</field>
        <field name="Family">Diodes - Rectifiers - Single</field>
        <field name="DK_Datasheet_Link">http://www.onsemi.com/pub/Collateral/MBR0520LT1-D.PDF</field>
        <field name="DK_Detail_Page">/product-detail/en/on-semiconductor/MBR0520LT1G/MBR0520LT1GOSCT-ND/917965</field>
        <field name="Description">DIODE SCHOTTKY 20V 500MA SOD123</field>
        <field name="Manufacturer">ON Semiconductor</field>
        <field name="Status">Active</field>
      </fields>
      <pins>
        <pin num="A" name="~" type="passive"/>
        <pin num="K" name="~" type="passive"/>
      </pins>
    </libpart>
    <libpart lib="dk_LED-Indication-Discrete" part="LG_L29K-G2J1-24-Z">
      <description>LED GREEN DIFFUSED 0603 SMD</description>
      <docs>https://dammedia.osram.info/media/resource/hires/osram-dam-2493945/LG%20L29K.pdf</docs>
      <fields>
        <field name="Reference">D</field>
        <field name="Value">LG_L29K-G2J1-24-Z</field>
        <field name="Footprint">digikey-footprints:0603</field>
        <field name="Datasheet">https://dammedia.osram.info/media/resource/hires/osram-dam-2493945/LG%20L29K.pdf</field>
        <field name="Digi-Key_PN">475-2709-1-ND</field>
        <field name="MPN">LG L29K-G2J1-24-Z</field>
        <field name="Category">Optoelectronics</field>
        <field name="Family">LED Indication - Discrete</field>
        <field name="DK_Datasheet_Link">https://dammedia.osram.info/media/resource/hires/osram-dam-2493945/LG%20L29K.pdf</field>
        <field name="DK_Detail_Page">/product-detail/en/osram-opto-semiconductors-inc/LG-L29K-G2J1-24-Z/475-2709-1-ND/1938876</field>
        <field name="Description">LED GREEN DIFFUSED 0603 SMD</field>
        <field name="Manufacturer">OSRAM Opto Semiconductors Inc.</field>
        <field name="Status">Active</field>
      </fields>
      <pins>
        <pin num="1" name="~" type="passive"/>
        <pin num="2" name="~" type="passive"/>
      </pins>
    </libpart>
    <libpart lib="dk_Logic-Gates-and-Inverters" part="SN74LVC1G08DBVR">
      <description>IC GATE AND 1CH 2-INP SOT23-5</description>
      <docs>http://www.ti.com/lit/ds/symlink/sn74lvc1g08.pdf</docs>
      <fields>
        <field name="Reference">U</field>
        <field name="Value">SN74LVC1G08DBVR</field>
        <field name="Footprint">digikey-footprints:SOT-753</field>
        <field name="Datasheet">http://www.ti.com/lit/ds/symlink/sn74lvc1g08.pdf</field>
        <field name="Digi-Key_PN">296-11601-1-ND</field>
        <field name="MPN">SN74LVC1G08DBVR</field>
        <field name="Category">Integrated Circuits (ICs)</field>
        <field name="Family">Logic - Gates and Inverters</field>
        <field name="DK_Datasheet_Link">http://www.ti.com/lit/ds/symlink/sn74lvc1g08.pdf</field>
        <field name="DK_Detail_Page">/product-detail/en/texas-instruments/SN74LVC1G08DBVR/296-11601-1-ND/385740</field>
        <field name="Description">IC GATE AND 1CH 2-INP SOT23-5</field>
        <field name="Manufacturer">Texas Instruments</field>
        <field name="Status">Active</field>
      </fields>
      <pins>
        <pin num="1" name="A" type="input"/>
        <pin num="2" name="B" type="input"/>
        <pin num="3" name="GND" type="power_in"/>
        <pin num="4" name="Y" type="output"/>
        <pin num="5" name="VCC" type="power_in"/>
      </pins>
    </libpart>
    <libpart lib="dk_PMIC-Voltage-Regulators-Linear" part="NCP1117ST50T3G">
      <description>IC REG LINEAR 5V 1A SOT223</description>
      <docs>http://www.onsemi.com/pub/Collateral/NCP1117-D.PDF</docs>
      <fields>
        <field name="Reference">U</field>
        <field name="Value">NCP1117ST50T3G</field>
        <field name="Footprint">digikey-footprints:SOT-223</field>
        <field name="Datasheet">http://www.onsemi.com/pub/Collateral/NCP1117-D.PDF</field>
        <field name="Digi-Key_PN">NCP1117ST50T3GOSCT-ND</field>
        <field name="MPN">NCP1117ST50T3G</field>
        <field name="Category">Integrated Circuits (ICs)</field>
        <field name="Family">PMIC - Voltage Regulators - Linear</field>
        <field name="DK_Datasheet_Link">http://www.onsemi.com/pub/Collateral/NCP1117-D.PDF</field>
        <field name="DK_Detail_Page">/product-detail/en/on-semiconductor/NCP1117ST50T3G/NCP1117ST50T3GOSCT-ND/1967217</field>
        <field name="Description">IC REG LINEAR 5V 1A SOT223</field>
        <field name="Manufacturer">ON Semiconductor</field>
        <field name="Status">Active</field>
      </fields>
      <pins>
        <pin num="1" name="ADJ/GND" type="power_in"/>
        <pin num="2" name="OUT" type="power_out"/>
        <pin num="3" name="IN" type="power_in"/>
        <pin num="4" name="OUT" type="power_out"/>
      </pins>
    </libpart>
    <libpart lib="dk_TVS-Diodes" part="PGB1010603MR">
      <description>TVS DIODE 24V 150V 0603</description>
      <docs>https://www.littelfuse.com/data/en/data_sheets/littelfuse_pulseguard-esd_pgb1.pdf</docs>
      <fields>
        <field name="Reference">D</field>
        <field name="Value">PGB1010603MR</field>
        <field name="Footprint">digikey-footprints:0603</field>
        <field name="Datasheet">https://www.littelfuse.com/data/en/data_sheets/littelfuse_pulseguard-esd_pgb1.pdf</field>
        <field name="Digi-Key_PN">F2594CT-ND</field>
        <field name="MPN">PGB1010603MR</field>
        <field name="Category">Circuit Protection</field>
        <field name="Family">TVS - Diodes</field>
        <field name="DK_Datasheet_Link">https://www.littelfuse.com/data/en/data_sheets/littelfuse_pulseguard-esd_pgb1.pdf</field>
        <field name="DK_Detail_Page">/product-detail/en/littelfuse-inc/PGB1010603MR/F2594CT-ND/813072</field>
        <field name="Description">TVS DIODE 24V 150V 0603</field>
        <field name="Manufacturer">Littelfuse Inc.</field>
        <field name="Status">Active</field>
      </fields>
      <pins>
        <pin num="1" name="~" type="passive"/>
        <pin num="2" name="~" type="passive"/>
      </pins>
    </libpart>
    <libpart lib="dk_Transistors-Bipolar-BJT-Single" part="MMBT3904-7-F">
      <description>TRANS NPN 40V 0.2A SMD SOT23-3</description>
      <docs>https://www.diodes.com/assets/Datasheets/ds30036.pdf</docs>
      <fields>
        <field name="Reference">Q</field>
        <field name="Value">MMBT3904-7-F</field>
        <field name="Footprint">digikey-footprints:SOT-23-3</field>
        <field name="Datasheet">https://www.diodes.com/assets/Datasheets/ds30036.pdf</field>
        <field name="Digi-Key_PN">MMBT3904-FDICT-ND</field>
        <field name="MPN">MMBT3904-7-F</field>
        <field name="Category">Discrete Semiconductor Products</field>
        <field name="Family">Transistors - Bipolar (BJT) - Single</field>
        <field name="DK_Datasheet_Link">https://www.diodes.com/assets/Datasheets/ds30036.pdf</field>
        <field name="DK_Detail_Page">/product-detail/en/diodes-incorporated/MMBT3904-7-F/MMBT3904-FDICT-ND/815727</field>
        <field name="Description">TRANS NPN 40V 0.2A SMD SOT23-3</field>
        <field name="Manufacturer">Diodes Incorporated</field>
        <field name="Status">Active</field>
      </fields>
      <pins>
        <pin num="1" name="B" type="input"/>
        <pin num="2" name="E" type="passive"/>
        <pin num="3" name="C" type="passive"/>
      </pins>
    </libpart>
    <libpart lib="dk_Transistors-Bipolar-BJT-Single" part="MMBT3906-7-F">
      <description>TRANS PNP 40V 0.2A SOT23-3</description>
      <docs>https://media.digikey.com/pdf/Data%20Sheets/Diodes%20PDFs/MMBT3906.pdf</docs>
      <fields>
        <field name="Reference">Q</field>
        <field name="Value">MMBT3906-7-F</field>
        <field name="Footprint">digikey-footprints:TO-3P-5</field>
        <field name="Datasheet">https://media.digikey.com/pdf/Data%20Sheets/Diodes%20PDFs/MMBT3906.pdf</field>
        <field name="Digi-Key_PN">MMBT3906-FDICT-ND</field>
        <field name="MPN">MMBT3906-7-F</field>
        <field name="Category">Discrete Semiconductor Products</field>
        <field name="Family">Transistors - Bipolar (BJT) - Single</field>
        <field name="DK_Datasheet_Link">https://media.digikey.com/pdf/Data%20Sheets/Diodes%20PDFs/MMBT3906.pdf</field>
        <field name="DK_Detail_Page">/product-detail/en/diodes-incorporated/MMBT3906-7-F/MMBT3906-FDICT-ND/822858</field>
        <field name="Description">TRANS PNP 40V 0.2A SOT23-3</field>
        <field name="Manufacturer">Diodes Incorporated</field>
        <field name="Status">Active</field>
      </fields>
      <pins>
        <pin num="1" name="B" type="input"/>
        <pin num="2" name="C" type="passive"/>
        <pin num="3" name="E" type="passive"/>
      </pins>
    </libpart>
    <libpart lib="dk_Transistors-FETs-MOSFETs-Single" part="BSS84">
      <description>MOSFET P-CH 50V 130MA SOT-23</description>
      <docs>https://www.onsemi.com/pub/Collateral/BSS84-D.PDF</docs>
      <fields>
        <field name="Reference">Q</field>
        <field name="Value">BSS84</field>
        <field name="Footprint">digikey-footprints:SOT-23-3</field>
        <field name="Datasheet">https://www.onsemi.com/pub/Collateral/BSS84-D.PDF</field>
        <field name="Digi-Key_PN">BSS84CT-ND</field>
        <field name="MPN">BSS84</field>
        <field name="Category">Discrete Semiconductor Products</field>
        <field name="Family">Transistors - FETs, MOSFETs - Single</field>
        <field name="DK_Datasheet_Link">https://www.onsemi.com/pub/Collateral/BSS84-D.PDF</field>
        <field name="DK_Detail_Page">/product-detail/en/on-semiconductor/BSS84/BSS84CT-ND/244297</field>
        <field name="Description">MOSFET P-CH 50V 130MA SOT-23</field>
        <field name="Manufacturer">ON Semiconductor</field>
        <field name="Status">Active</field>
      </fields>
      <pins>
        <pin num="1" name="G" type="BiDi"/>
        <pin num="2" name="D" type="BiDi"/>
        <pin num="3" name="S" type="BiDi"/>
      </pins>
    </libpart>
    <libpart lib="dk_Trimmer-Potentiometers" part="TC33X-2-103E">
      <description>TRIMMER 10K OHM 0.1W J LEAD TOP</description>
      <docs>https://www.bourns.com/docs/Product-Datasheets/TC33.pdf</docs>
      <fields>
        <field name="Reference">POT</field>
        <field name="Value">TC33X-2-103E</field>
        <field name="Footprint">digikey-footprints:Trimpot_3.8mmx3.6mm_TC33X-2-103E</field>
        <field name="Datasheet">https://www.bourns.com/docs/Product-Datasheets/TC33.pdf</field>
        <field name="Digi-Key_PN">TC33X-103ETR-ND</field>
        <field name="MPN">TC33X-2-103E</field>
        <field name="Category">Potentiometers, Variable Resistors</field>
        <field name="Family">Trimmer Potentiometers</field>
        <field name="DK_Datasheet_Link">https://www.bourns.com/docs/Product-Datasheets/TC33.pdf</field>
        <field name="DK_Detail_Page">/product-detail/en/bourns-inc/TC33X-2-103E/TC33X-103ETR-ND/612858</field>
        <field name="Description">TRIMMER 10K OHM 0.1W J LEAD TOP</field>
        <field name="Manufacturer">Bourns Inc.</field>
        <field name="Status">Active</field>
      </fields>
      <pins>
        <pin num="1" name="CCW" type="passive"/>
        <pin num="2" name="Wiper" type="passive"/>
        <pin num="3" name="CW" type="passive"/>
      </pins>
    </libpart>
  </libparts>
  <libraries>
    <library logical="BSPD_2019-rescue">
      <uri>/Users/lukasvozenilek/Google Drive/UBCO Motorsports/MK.II.2 (18_19)/Electrical (Mk2.2)/ETC/BSPD_2019/BSPD_2019/BSPD_2019-rescue.lib</uri>
    </library>
    <library logical="Connector">
      <uri>/Library/Application Support/kicad/library/Connector.lib</uri>
    </library>
    <library logical="Connector_Generic">
      <uri>/Library/Application Support/kicad/library/Connector_Generic.lib</uri>
    </library>
    <library logical="Device">
      <uri>/Library/Application Support/kicad/library/Device.lib</uri>
    </library>
    <library logical="Lukas_Library">
      <uri>/Users/lukasvozenilek/KiCad/Libraries/Lukas_Library.lib</uri>
    </library>
    <library logical="dk_Automotive-Relays">
      <uri>/Users/lukasvozenilek/KiCad/Libraries/digikey-kicad-library-master/digikey-symbols/dk_Automotive-Relays.lib</uri>
    </library>
    <library logical="dk_Diodes-Rectifiers-Single">
      <uri>/Users/lukasvozenilek/KiCad/Libraries/digikey-kicad-library-master/digikey-symbols/dk_Diodes-Rectifiers-Single.lib</uri>
    </library>
    <library logical="dk_LED-Indication-Discrete">
      <uri>/Users/lukasvozenilek/KiCad/Libraries/digikey-kicad-library-master/digikey-symbols/dk_LED-Indication-Discrete.lib</uri>
    </library>
    <library logical="dk_Logic-Gates-and-Inverters">
      <uri>/Users/lukasvozenilek/KiCad/Libraries/digikey-kicad-library-master/digikey-symbols/dk_Logic-Gates-and-Inverters.lib</uri>
    </library>
    <library logical="dk_PMIC-Voltage-Regulators-Linear">
      <uri>/Users/lukasvozenilek/KiCad/Libraries/digikey-kicad-library-master/digikey-symbols/dk_PMIC-Voltage-Regulators-Linear.lib</uri>
    </library>
    <library logical="dk_TVS-Diodes">
      <uri>/Users/lukasvozenilek/KiCad/Libraries/digikey-kicad-library-master/digikey-symbols/dk_TVS-Diodes.lib</uri>
    </library>
    <library logical="dk_Transistors-Bipolar-BJT-Single">
      <uri>/Users/lukasvozenilek/KiCad/Libraries/digikey-kicad-library-master/digikey-symbols/dk_Transistors-Bipolar-BJT-Single.lib</uri>
    </library>
    <library logical="dk_Transistors-FETs-MOSFETs-Single">
      <uri>/Users/lukasvozenilek/KiCad/Libraries/digikey-kicad-library-master/digikey-symbols/dk_Transistors-FETs-MOSFETs-Single.lib</uri>
    </library>
    <library logical="dk_Trimmer-Potentiometers">
      <uri>/Users/lukasvozenilek/KiCad/Libraries/digikey-kicad-library-master/digikey-symbols/dk_Trimmer-Potentiometers.lib</uri>
    </library>
  </libraries>
  <nets>
    <net code="1" name="Net-(D2-Pad1)">
      <node ref="U1" pin="2"/>
      <node ref="U1" pin="5"/>
      <node ref="R3" pin="1"/>
      <node ref="D2" pin="1"/>
    </net>
    <net code="2" name="SENS1">
      <node ref="TP1" pin="1"/>
      <node ref="J1" pin="1"/>
      <node ref="R3" pin="2"/>
      <node ref="R1" pin="2"/>
    </net>
    <net code="3" name="GND">
      <node ref="D2" pin="2"/>
      <node ref="R10" pin="1"/>
      <node ref="U2" pin="4"/>
      <node ref="C7" pin="2"/>
      <node ref="R2" pin="1"/>
      <node ref="D3" pin="2"/>
      <node ref="C3" pin="1"/>
      <node ref="R7" pin="1"/>
      <node ref="R1" pin="1"/>
      <node ref="R12" pin="1"/>
      <node ref="C11" pin="1"/>
      <node ref="C10" pin="1"/>
      <node ref="U4" pin="3"/>
      <node ref="C4" pin="1"/>
      <node ref="C8" pin="2"/>
      <node ref="R8" pin="1"/>
      <node ref="RLY1" pin="5"/>
      <node ref="TP3" pin="1"/>
      <node ref="D7" pin="A"/>
      <node ref="U1" pin="4"/>
      <node ref="Q4" pin="2"/>
      <node ref="J1" pin="6"/>
      <node ref="POT3" pin="3"/>
      <node ref="POT2" pin="3"/>
      <node ref="POT1" pin="3"/>
      <node ref="R19" pin="2"/>
      <node ref="R17" pin="1"/>
      <node ref="U3" pin="1"/>
      <node ref="D1" pin="2"/>
      <node ref="U5" pin="3"/>
      <node ref="C1" pin="2"/>
      <node ref="C6" pin="2"/>
      <node ref="C2" pin="1"/>
      <node ref="R16" pin="1"/>
      <node ref="R15" pin="1"/>
      <node ref="C5" pin="1"/>
    </net>
    <net code="4" name="+5V">
      <node ref="C5" pin="2"/>
      <node ref="C6" pin="1"/>
      <node ref="U3" pin="4"/>
      <node ref="U3" pin="2"/>
      <node ref="U5" pin="5"/>
      <node ref="Q1" pin="2"/>
      <node ref="Q2" pin="2"/>
      <node ref="POT1" pin="1"/>
      <node ref="POT2" pin="1"/>
      <node ref="POT3" pin="1"/>
      <node ref="Q5" pin="3"/>
      <node ref="R14" pin="2"/>
      <node ref="TP4" pin="1"/>
      <node ref="R24" pin="1"/>
      <node ref="U4" pin="5"/>
      <node ref="C4" pin="2"/>
      <node ref="C9" pin="1"/>
      <node ref="R11" pin="2"/>
      <node ref="C10" pin="2"/>
      <node ref="R13" pin="2"/>
      <node ref="C11" pin="2"/>
      <node ref="U1" pin="8"/>
      <node ref="C3" pin="2"/>
      <node ref="R9" pin="2"/>
      <node ref="U2" pin="8"/>
    </net>
    <net code="5" name="Net-(R10-Pad2)">
      <node ref="R9" pin="1"/>
      <node ref="R10" pin="2"/>
      <node ref="U1" pin="6"/>
    </net>
    <net code="6" name="SENS1_ERR">
      <node ref="U1" pin="1"/>
      <node ref="R25" pin="2"/>
      <node ref="R13" pin="1"/>
      <node ref="U1" pin="7"/>
      <node ref="U4" pin="1"/>
    </net>
    <net code="7" name="Net-(R18-Pad1)">
      <node ref="R18" pin="1"/>
      <node ref="U4" pin="4"/>
    </net>
    <net code="8" name="RELAY_I">
      <node ref="RLY1" pin="1"/>
      <node ref="J1" pin="3"/>
    </net>
    <net code="9" name="Net-(D7-PadK)">
      <node ref="RLY1" pin="2"/>
      <node ref="Q3" pin="3"/>
      <node ref="D7" pin="K"/>
    </net>
    <net code="10" name="RELAY_O">
      <node ref="RLY1" pin="3"/>
      <node ref="J1" pin="4"/>
    </net>
    <net code="11" name="Net-(RLY1-Pad4)">
      <node ref="RLY1" pin="4"/>
    </net>
    <net code="12" name="Net-(J1-Pad10)">
      <node ref="J1" pin="10"/>
    </net>
    <net code="13" name="ERR2_OUT">
      <node ref="Q2" pin="3"/>
      <node ref="J1" pin="11"/>
      <node ref="D5" pin="1"/>
    </net>
    <net code="14" name="Net-(J1-Pad7)">
      <node ref="J1" pin="7"/>
    </net>
    <net code="15" name="Net-(J1-Pad8)">
      <node ref="J1" pin="8"/>
    </net>
    <net code="16" name="Net-(J1-Pad9)">
      <node ref="J1" pin="9"/>
    </net>
    <net code="17" name="SENS2">
      <node ref="TP2" pin="1"/>
      <node ref="R2" pin="2"/>
      <node ref="R4" pin="2"/>
      <node ref="J1" pin="2"/>
    </net>
    <net code="18" name="+12V">
      <node ref="C2" pin="2"/>
      <node ref="C1" pin="1"/>
      <node ref="U3" pin="3"/>
      <node ref="Q3" pin="2"/>
      <node ref="TP5" pin="1"/>
      <node ref="J1" pin="5"/>
      <node ref="D1" pin="1"/>
    </net>
    <net code="19" name="Net-(C8-Pad1)">
      <node ref="TP6" pin="1"/>
      <node ref="R19" pin="1"/>
      <node ref="R18" pin="2"/>
      <node ref="C8" pin="1"/>
      <node ref="U5" pin="1"/>
    </net>
    <net code="20" name="Net-(R21-Pad1)">
      <node ref="R21" pin="1"/>
      <node ref="U5" pin="4"/>
    </net>
    <net code="21" name="Net-(Q5-Pad1)">
      <node ref="Q5" pin="1"/>
      <node ref="R23" pin="1"/>
      <node ref="R24" pin="2"/>
    </net>
    <net code="22" name="Net-(C9-Pad2)">
      <node ref="C9" pin="2"/>
      <node ref="R23" pin="2"/>
      <node ref="Q4" pin="3"/>
    </net>
    <net code="23" name="Net-(Q4-Pad1)">
      <node ref="Q4" pin="1"/>
      <node ref="R21" pin="2"/>
      <node ref="R22" pin="1"/>
    </net>
    <net code="24" name="Net-(POT3-Pad2)">
      <node ref="R20" pin="1"/>
      <node ref="POT3" pin="2"/>
    </net>
    <net code="25" name="Net-(C7-Pad1)">
      <node ref="TP7" pin="1"/>
      <node ref="R20" pin="2"/>
      <node ref="C7" pin="1"/>
      <node ref="U5" pin="2"/>
    </net>
    <net code="26" name="Net-(D6-Pad2)">
      <node ref="R17" pin="2"/>
      <node ref="D6" pin="2"/>
    </net>
    <net code="27" name="Net-(D3-Pad1)">
      <node ref="D3" pin="1"/>
      <node ref="R4" pin="1"/>
      <node ref="U2" pin="5"/>
      <node ref="U2" pin="2"/>
    </net>
    <net code="28" name="Net-(R11-Pad1)">
      <node ref="R12" pin="2"/>
      <node ref="R11" pin="1"/>
      <node ref="U2" pin="6"/>
    </net>
    <net code="29" name="SENS2_ERR">
      <node ref="U2" pin="1"/>
      <node ref="U2" pin="7"/>
      <node ref="R26" pin="2"/>
      <node ref="R14" pin="1"/>
      <node ref="U4" pin="2"/>
    </net>
    <net code="30" name="ERR1_OUT">
      <node ref="D4" pin="1"/>
      <node ref="J1" pin="12"/>
      <node ref="Q1" pin="3"/>
    </net>
    <net code="31" name="Net-(D4-Pad2)">
      <node ref="R15" pin="2"/>
      <node ref="D4" pin="2"/>
    </net>
    <net code="32" name="Net-(D5-Pad2)">
      <node ref="R16" pin="2"/>
      <node ref="D5" pin="2"/>
    </net>
    <net code="33" name="RELAY">
      <node ref="Q3" pin="1"/>
      <node ref="D6" pin="1"/>
      <node ref="Q5" pin="2"/>
      <node ref="R22" pin="2"/>
    </net>
    <net code="34" name="Net-(Q1-Pad1)">
      <node ref="R25" pin="1"/>
      <node ref="Q1" pin="1"/>
    </net>
    <net code="35" name="Net-(Q2-Pad1)">
      <node ref="R26" pin="1"/>
      <node ref="Q2" pin="1"/>
    </net>
    <net code="36" name="Net-(POT1-Pad2)">
      <node ref="POT1" pin="2"/>
      <node ref="R7" pin="2"/>
      <node ref="U1" pin="3"/>
    </net>
    <net code="37" name="Net-(POT2-Pad2)">
      <node ref="R8" pin="2"/>
      <node ref="U2" pin="3"/>
      <node ref="POT2" pin="2"/>
    </net>
  </nets>
</export>
